ActorID,Play1,Play2,Play3,Play4,Play5,Play6,Play7,Play8,Play9,Play10,Play11,Play12,Play13,Play14,Play15,Play16,Play17,Play18,Play19,Play20
A1,0,0,0,1,0,0,0,0,1,0,0,0,0,0,0,0,0,0,0,1
A2,0,0,0,0,0,0,0,0,0,0,0,1,0,0,0,1,1,0,0,1
A3,0,0,0,0,1,0,0,0,0,0,0,0,0,0,0,0,0,0,0,0
A4,0,1,1,0,0,0,0,0,0,0,0,0,0,1,0,0,0,0,0,0
A5,0,0,0,1,0,0,0,0,0,0,0,0,0,1,1,0,0,0,0,0
A6,0,0,1,1,0,0,0,0,0,0,0,0,0,0,0,1,0,0,1,0
A7,0,0,0,0,0,1,0,0,0,0,0,0,0,0,0,0,0,0,0,0
A8,0,0,0,0,0,0,0,0,0,0,1,0,0,0,0,0,0,0,0,0
A9,0,0,0,0,0,1,1,0,0,0,0,0,0,0,0,0,0,0,0,1
A10,0,0,0,0,0,1,0,0,0,0,0,0,1,0,0,0,0,0,0,0
A11,0,0,0,0,0,0,0,0,0,0,0,0,0,1,1,0,0,0,0,1
A12,0,1,0,0,0,0,1,0,0,0,0,1,0,0,0,0,0,0,0,0
A13,0,1,0,0,0,0,0,0,0,0,0,0,1,0,0,0,0,0,0,1
A14,0,0,0,0,0,0,0,0,0,0,0,1,0,0,1,0,1,0,0,0
A15,0,0,0,0,0,0,0,0,0,1,1,0,0,0,1,0,0,0,1,0
A16,0,0,0,0,0,0,0,0,0,0,1,0,0,0,0,0,0,0,0,0
A17,0,1,0,0,0,0,0,0,1,0,1,0,0,0,0,0,0,0,1,0
A18,0,0,0,0,0,0,0,1,0,0,0,1,0,0,0,1,0,1,0,0
A19,0,1,1,0,0,0,0,0,0,1,0,0,1,0,0,0,0,0,0,0
A20,0,0,1,1,0,0,0,0,0,0,0,0,0,1,0,0,0,0,0,0
A21,0,0,0,1,0,0,0,0,0,0,0,0,0,0,0,1,0,0,0,0
A22,0,0,0,0,0,0,0,0,0,0,0,0,0,0,1,0,0,0,0,0
A23,0,0,0,0,0,0,0,0,0,1,0,0,1,0,0,0,0,0,0,0
A24,0,0,0,0,1,0,0,1,0,1,0,0,1,0,0,0,0,0,0,0
A25,0,0,0,0,0,0,1,0,0,0,0,0,1,1,0,1,0,0,0,0
A26,1,0,0,0,0,0,0,0,0,0,0,0,1,0,0,0,0,0,0,0
A27,0,0,0,1,0,0,0,1,0,0,0,0,0,0,0,0,0,0,0,0
A28,0,0,0,0,0,0,0,0,0,0,0,1,0,0,0,0,0,0,1,0
A29,0,0,0,0,0,0,0,1,1,0,0,0,0,0,0,0,1,1,0,0
A30,1,0,0,0,1,0,0,1,0,0,1,0,0,0,0,0,0,0,0,0
A31,0,0,1,0,0,0,0,0,0,0,0,0,0,0,0,0,0,0,0,0
A32,1,0,0,0,0,0,0,0,0,0,0,0,0,0,0,0,0,0,0,0
A33,0,0,0,0,0,0,1,0,1,0,0,0,0,0,0,1,0,1,0,0
A34,0,0,0,0,0,0,0,0,0,1,0,1,0,0,0,0,0,0,0,0
A35,0,0,0,0,0,0,0,0,0,0,0,1,0,1,0,0,0,0,0,0
A36,0,0,0,0,0,0,0,0,0,0,0,0,0,0,0,0,0,1,0,0
A37,0,0,0,0,0,0,0,0,0,0,0,0,0,0,1,1,0,1,0,1
A38,0,0,0,0,0,0,0,0,0,0,0,0,0,0,0,1,0,0,0,0
A39,0,0,0,0,0,0,0,0,0,0,0,1,0,0,0,0,0,0,0,0
A40,1,0,0,0,0,1,1,0,0,0,0,0,0,0,0,0,0,0,0,0
A41,0,0,0,0,1,0,0,0,1,0,0,0,0,1,0,0,0,0,0,0
A42,0,1,0,1,0,0,1,0,0,0,0,0,0,0,0,0,0,0,0,0
A43,0,0,0,0,0,0,1,0,0,0,1,0,0,0,0,0,0,0,0,0
A44,0,0,0,0,0,0,0,0,1,1,0,0,0,1,0,0,1,0,0,0
A45,0,1,1,0,0,0,0,0,0,1,0,1,0,0,0,0,0,0,0,0
A46,0,0,0,0,1,0,1,0,1,0,0,0,0,0,0,0,0,0,0,1
A47,0,0,0,1,0,0,0,1,1,0,0,0,0,0,0,1,0,0,0,0
A48,0,0,0,0,0,0,1,0,0,0,0,0,0,1,0,0,0,1,0,0
A49,0,0,0,0,0,0,0,1,0,0,0,0,1,0,0,0,0,0,0,0
A50,0,0,0,0,0,0,0,0,0,0,0,0,1,0,0,0,0,1,0,0
A51,0,0,0,1,0,1,0,0,0,0,0,0,0,0,0,0,0,1,0,0
A52,0,0,0,0,0,0,1,0,0,0,0,0,0,0,0,0,0,0,0,1
A53,0,0,1,0,0,0,0,0,0,0,1,0,0,1,0,0,0,0,0,0
A54,0,0,0,0,0,0,0,0,1,0,0,1,1,1,0,0,0,0,0,0
A55,0,0,0,0,0,0,0,0,0,1,0,0,0,0,0,0,0,1,0,1
A56,1,0,0,0,0,0,0,0,1,0,0,0,0,0,0,0,1,1,0,0
A57,0,1,0,1,0,0,0,0,0,0,0,0,1,0,0,1,0,0,0,0
A58,0,0,0,0,0,0,0,1,0,0,0,0,0,0,0,0,0,0,0,0
A59,0,0,0,0,0,1,0,0,0,0,0,1,0,1,0,0,0,0,0,0
A60,0,0,1,0,0,0,0,0,0,0,0,0,0,0,0,0,0,0,0,0
A61,0,0,0,0,0,1,0,0,1,0,0,0,0,1,0,0,0,0,0,0
A62,0,0,0,0,0,1,0,0,0,1,1,0,0,0,0,0,0,0,0,0
A63,0,0,0,0,0,0,0,0,0,1,0,0,0,0,0,0,0,0,0,0
A64,0,0,0,1,0,0,0,0,0,0,0,0,0,0,0,0,0,0,0,0
A65,0,0,0,0,0,0,1,0,0,0,0,0,0,1,1,0,0,0,0,0
A66,0,0,0,0,0,1,0,0,0,0,0,0,0,0,0,0,1,0,0,0
A67,1,0,1,0,0,0,0,0,0,0,0,1,0,1,0,0,0,0,0,0
A68,0,0,0,0,0,0,0,0,0,0,0,0,0,0,0,1,0,0,0,0
A69,1,0,0,0,0,0,0,1,0,0,0,0,0,0,0,1,1,0,0,0
A70,0,0,1,0,0,1,0,0,0,0,0,0,0,0,0,0,0,0,0,0
A71,0,0,0,0,0,0,0,0,0,0,1,0,1,0,0,0,0,0,0,0
A72,0,0,0,0,0,1,1,0,0,0,0,0,0,0,0,0,0,0,0,0
A73,0,0,0,0,0,0,0,0,0,0,0,0,0,0,0,1,0,0,0,0
A74,0,1,0,0,0,0,0,0,0,1,0,0,0,0,0,0,0,0,0,0
A75,0,0,0,0,0,0,0,0,0,1,0,0,0,0,0,0,0,0,0,0
A76,0,0,0,0,0,0,0,1,0,0,0,0,0,0,0,0,1,0,0,0
A77,0,0,0,0,0,0,1,0,0,0,0,0,0,0,1,1,0,1,0,0
A78,0,0,1,0,1,0,1,0,0,0,0,0,1,0,0,0,0,0,0,0
A79,0,0,1,0,1,0,0,0,0,0,1,0,0,0,0,0,0,0,0,0
A80,1,0,0,0,1,0,0,0,0,0,0,0,0,1,1,0,0,0,0,0
A81,0,0,0,0,0,0,0,0,0,0,1,1,1,0,0,0,0,0,0,0
A82,1,0,0,0,0,0,0,0,0,0,0,1,0,0,0,1,0,1,0,0
A83,0,0,0,0,0,0,0,0,0,0,0,0,0,0,0,0,0,1,0,0
A84,1,0,0,0,0,0,0,1,0,1,0,1,0,0,0,0,0,0,0,0
A85,0,0,0,0,0,0,0,0,0,0,1,0,1,0,0,1,0,0,0,0
A86,0,0,0,0,0,0,0,0,0,1,0,0,1,0,0,0,0,0,0,1
A87,0,0,0,0,0,0,1,0,0,0,0,0,0,0,0,1,0,0,0,0
A88,0,0,0,0,0,0,0,0,1,0,0,0,0,0,0,0,0,0,0,0
A89,0,0,0,0,0,0,1,1,1,0,0,1,0,0,0,0,0,0,0,0
A90,0,0,0,0,0,0,0,0,0,0,0,0,1,0,0,0,1,0,0,0
A91,0,0,1,1,0,0,0,0,0,0,0,0,0,0,0,0,0,0,1,1
A92,0,0,0,0,0,0,0,1,0,0,0,1,0,0,0,1,0,0,1,0
A93,0,0,0,0,0,0,0,1,0,0,0,0,0,0,0,1,0,0,0,0
A94,0,1,0,0,0,0,0,0,0,0,0,0,0,0,0,1,0,0,0,0
A95,0,0,0,0,0,0,1,0,0,0,0,0,1,0,0,0,0,0,0,0
A96,0,0,0,0,0,0,0,1,1,0,0,0,0,0,0,0,0,0,0,0
A97,0,0,0,0,0,0,0,0,0,1,0,1,0,0,0,0,0,0,0,0
A98,0,0,0,0,1,0,1,0,0,0,0,1,0,0,0,0,0,0,1,0
A99,0,0,0,0,0,0,0,0,0,0,0,0,0,0,0,1,0,0,1,0
A100,0,0,0,0,0,0,0,0,0,0,0,0,0,1,0,0,0,0,0,0
A101,0,0,0,0,0,1,0,0,0,0,0,0,0,0,0,1,1,0,0,0
A102,1,0,0,0,0,0,0,1,0,0,0,0,0,0,0,0,0,0,0,0
A103,0,1,0,0,0,0,0,0,0,0,0,0,0,0,0,0,0,0,1,0
A104,0,0,0,0,0,0,0,0,0,0,0,0,0,1,1,1,1,0,0,0
A105,0,0,0,0,0,0,0,0,1,0,0,0,1,0,0,0,0,0,0,0
A106,0,1,0,0,0,0,0,0,1,0,0,0,0,0,0,0,0,0,0,0
A107,0,0,1,0,0,0,0,0,1,0,0,0,0,0,0,0,0,0,0,0
A108,0,0,0,0,1,0,0,0,0,0,0,1,0,0,0,0,1,1,0,0
A109,0,0,0,0,0,0,0,0,1,0,0,0,1,0,0,0,0,0,0,0
A110,0,0,0,0,1,0,0,1,0,0,0,0,0,0,0,0,0,1,0,0
A111,0,0,0,0,0,0,1,0,0,0,0,0,0,0,1,1,0,1,0,0
A112,0,0,0,1,0,0,0,0,1,0,0,0,0,0,0,0,0,0,1,0
A113,0,1,0,0,0,1,0,1,0,0,0,0,1,0,0,0,0,0,0,0
A114,1,0,0,0,0,0,0,0,0,0,0,0,0,0,0,1,0,0,0,0
A115,0,0,1,0,0,0,0,1,0,0,0,0,0,0,0,0,0,0,0,1
A116,0,0,0,0,0,0,1,0,0,0,0,0,1,1,0,0,0,0,0,1
A117,0,0,0,0,0,0,0,0,0,0,1,0,0,0,0,0,0,0,0,0
A118,0,1,0,0,0,1,0,0,0,0,0,0,0,0,0,0,0,0,0,0
A119,1,0,0,0,0,0,0,1,0,0,0,0,1,0,0,0,0,0,1,0
A120,0,0,0,0,1,0,0,0,0,0,0,0,0,0,0,0,0,0,0,0
A121,0,0,1,0,0,0,1,0,0,0,0,0,0,0,0,0,1,0,0,1
A122,0,0,0,0,0,0,0,0,0,0,0,0,0,0,0,0,0,0,0,1
A123,0,0,1,0,0,0,0,0,0,0,0,0,0,0,0,0,0,1,0,0
A124,0,1,0,0,0,0,0,0,1,0,0,0,0,0,0,0,1,0,0,0
A125,0,0,0,0,0,0,0,0,1,0,0,0,0,0,0,0,0,0,0,0
A126,0,0,1,0,1,0,0,1,0,0,0,0,0,0,0,0,0,1,0,0
A127,0,0,0,0,0,0,1,0,0,0,0,0,1,0,0,0,0,0,0,0
A128,0,0,0,0,0,0,0,0,0,0,0,0,1,0,0,0,0,0,0,0
A129,1,0,0,0,0,0,0,0,0,0,1,1,0,0,0,0,0,1,0,0
A130,0,1,0,0,1,0,0,1,0,0,0,0,0,0,1,0,0,0,0,0
A131,0,0,0,0,0,0,0,0,0,0,0,1,1,0,0,0,0,0,1,1
A132,0,0,0,0,0,0,0,0,0,0,0,0,0,0,0,1,0,0,0,0
A133,0,0,0,0,0,0,0,0,0,0,0,0,0,0,0,0,0,0,0,1
A134,0,0,0,0,1,0,0,0,0,0,0,0,0,0,0,0,0,0,0,0
A135,0,0,1,0,0,0,0,0,0,0,0,0,0,0,0,1,0,0,1,0
A136,0,0,0,0,0,0,0,0,0,0,0,0,0,0,1,0,0,0,0,0
A137,0,0,0,0,0,0,0,0,0,0,0,0,0,0,1,0,0,0,0,0
A138,0,0,0,0,0,0,0,0,0,0,0,0,0,0,0,0,1,0,0,0
A139,0,1,0,0,0,0,0,0,0,0,0,1,0,0,0,0,0,1,0,0
A140,0,0,0,0,1,0,0,0,0,0,0,0,0,0,0,0,0,0,0,0
A141,0,0,1,0,0,1,0,0,0,0,0,0,1,0,0,0,0,0,0,1
A142,0,0,0,0,0,0,0,0,0,0,0,0,0,0,0,0,0,1,0,0
A143,0,0,1,0,0,0,0,1,0,0,0,0,0,0,1,1,0,0,0,0
A144,0,0,0,0,0,0,1,0,0,0,0,1,1,0,0,0,0,1,0,0
A145,0,0,0,0,0,0,1,0,0,0,1,0,0,1,0,1,0,0,0,0
A146,0,0,0,0,0,0,0,1,0,0,0,0,0,0,0,1,0,1,0,0
A147,0,0,0,0,0,0,0,0,0,0,0,0,1,0,1,0,1,0,0,0
A148,0,0,0,0,1,0,0,0,0,1,0,0,0,0,0,0,0,0,1,0
A149,0,0,0,1,0,0,0,0,0,0,0,0,0,0,0,0,0,0,0,0
A150,1,1,0,0,0,0,0,0,0,1,0,0,0,0,0,0,1,0,0,0
A151,0,0,0,0,0,1,0,0,0,0,0,1,0,0,1,0,0,0,0,0
A152,0,0,0,0,0,1,1,0,0,0,0,0,1,0,0,0,0,0,0,0
A153,0,0,0,0,0,0,0,0,0,1,0,0,0,0,0,0,0,0,0,0
A154,0,0,0,0,0,0,0,0,0,1,0,0,0,1,0,0,1,0,0,0
A155,0,0,0,0,0,0,1,0,0,0,0,0,0,0,0,0,0,0,0,0
A156,0,0,1,0,0,0,0,0,0,1,0,0,0,0,0,0,0,0,0,0
A157,0,0,0,1,0,1,0,0,0,0,0,0,1,0,0,0,0,0,0,0
A158,0,0,0,0,0,0,0,0,0,0,1,0,0,0,0,0,0,0,1,0
A159,0,0,0,0,0,0,0,1,0,0,0,0,0,0,0,0,0,0,0,0
A160,0,0,0,1,1,0,0,1,0,0,0,0,0,1,0,0,0,0,0,0
A161,0,0,0,1,0,0,0,0,0,1,0,0,0,0,0,0,0,1,0,0
A162,0,0,0,0,0,0,0,0,0,0,0,0,0,0,1,0,0,0,0,0
A163,0,0,1,0,0,0,0,0,1,0,0,0,0,0,0,0,0,1,1,0
A164,0,0,0,0,0,0,1,0,1,0,0,0,1,0,0,0,0,0,1,0
A165,1,0,0,0,0,0,0,0,0,0,0,0,0,0,0,0,0,0,1,0
A166,0,0,0,0,0,0,0,0,1,0,0,0,0,0,0,0,0,0,0,0
A167,0,0,0,0,0,0,0,1,0,1,1,0,0,0,1,0,0,0,0,0
A168,0,1,0,0,0,1,0,0,0,0,0,0,0,0,0,0,0,0,0,1
A169,0,0,0,0,0,0,0,0,0,0,0,0,1,0,1,1,0,0,0,0
A170,0,0,1,0,0,0,0,0,0,0,0,0,0,0,0,0,1,0,0,0
A171,0,1,0,0,1,0,0,0,1,0,1,0,0,0,0,0,0,0,0,0
A172,0,1,0,0,0,0,0,0,0,0,0,0,0,0,0,0,0,0,0,0
A173,1,0,0,0,0,0,0,1,1,0,0,0,0,0,0,0,0,0,0,0
A174,0,1,0,0,0,1,0,0,1,0,1,0,0,0,0,0,0,0,0,0
A175,0,0,0,0,1,0,0,0,0,0,1,1,0,0,0,0,0,0,1,0
A176,0,0,0,0,0,0,0,0,0,0,1,0,0,1,0,0,0,0,0,0
A177,0,1,0,1,0,0,0,0,0,1,0,0,0,0,0,0,0,0,0,0
A178,0,0,1,0,0,0,0,0,0,0,0,1,0,0,0,0,0,0,1,0
A179,0,0,0,0,0,0,0,0,0,0,0,0,0,0,0,0,1,0,0,0
A180,0,0,0,1,0,0,0,0,0,0,0,0,0,1,1,0,0,0,0,0
A181,0,0,0,0,0,0,0,0,1,0,0,0,0,0,0,0,0,0,0,0
A182,0,1,0,0,0,0,1,0,0,0,0,0,0,1,0,0,0,0,0,0
A183,0,0,0,0,0,0,0,1,0,0,0,0,0,0,0,0,0,0,1,0
A184,0,0,1,0,0,0,0,0,0,1,0,0,0,0,0,0,0,1,0,0
A185,0,1,0,0,0,0,0,0,0,0,0,0,0,0,0,0,0,0,0,0
A186,0,0,0,0,0,0,0,0,0,0,0,0,0,0,0,0,0,1,0,0
A187,0,0,1,0,1,0,0,0,0,0,0,0,0,0,0,0,0,0,0,0
A188,0,0,1,0,0,0,0,0,0,0,0,1,0,0,0,0,1,0,0,0
A189,0,1,0,0,0,0,0,0,0,1,0,0,0,0,0,0,0,0,1,0
A190,0,0,0,0,0,1,0,0,0,0,0,0,0,0,0,0,0,0,0,1
A191,1,1,0,0,0,1,0,0,0,0,0,0,0,0,0,0,0,0,0,0
A192,0,0,0,0,0,0,1,0,0,0,1,0,0,0,0,0,1,0,0,0
A193,0,0,0,0,0,0,0,0,0,0,0,1,0,0,0,0,0,0,0,0
A194,0,0,0,0,1,0,1,0,0,0,0,0,0,0,0,0,0,1,0,0
A195,0,0,0,0,0,0,0,0,0,1,0,0,0,1,0,1,0,0,0,0
A196,0,0,1,0,0,0,0,0,1,0,0,0,0,0,0,0,0,0,0,0
A197,0,0,0,0,0,0,0,0,0,0,0,1,0,0,0,0,0,1,0,0
A198,0,0,0,0,0,1,0,1,0,0,0,1,1,0,0,0,0,0,0,0
A199,0,0,0,0,0,0,0,0,0,0,1,0,0,0,0,0,0,0,0,0
A200,1,0,0,0,0,0,1,0,0,0,0,0,0,1,0,0,0,0,0,0
A201,0,0,0,0,1,0,0,0,0,0,1,0,0,0,0,1,0,0,0,0
A202,0,0,0,0,0,1,1,0,0,0,0,0,0,0,0,0,0,1,1,0
A203,0,0,1,1,0,0,0,1,0,0,0,0,0,0,0,0,0,0,0,0
A204,0,0,0,0,0,0,0,0,0,0,0,0,1,0,0,0,0,0,0,0
A205,0,0,0,0,0,0,0,0,1,0,1,0,0,0,0,0,1,0,1,0
A206,0,1,0,0,0,0,0,0,0,0,0,0,0,0,0,0,0,0,0,0
A207,0,0,0,1,0,0,0,0,0,0,0,0,0,0,0,1,0,1,1,0
A208,0,0,0,0,1,0,0,0,0,1,0,0,0,1,0,0,0,0,0,1
A209,0,0,0,0,1,0,0,0,0,0,0,0,0,0,1,0,0,0,0,0
A210,1,0,0,0,0,0,0,0,0,0,0,0,0,0,0,0,0,0,0,0
A211,0,0,0,0,0,1,0,0,1,0,0,0,0,0,1,0,0,0,0,0
A212,0,0,0,0,0,0,1,0,0,0,0,0,1,0,0,0,0,0,0,1
A213,0,0,0,0,0,0,0,1,0,0,0,0,0,0,0,0,0,0,0,0
A214,0,0,0,0,0,0,1,0,0,0,0,0,1,0,0,0,0,1,0,0
A215,1,0,0,1,0,0,0,0,0,0,0,0,1,0,0,0,0,0,0,0
A216,0,0,0,0,0,0,1,0,0,0,0,0,0,0,0,0,0,0,0,0
A217,0,0,0,0,0,0,1,0,0,0,0,1,0,1,0,0,1,0,0,0
A218,0,0,0,0,0,0,0,0,0,0,0,0,0,0,0,0,0,1,0,0
A219,0,1,0,0,1,1,0,0,0,0,0,0,0,0,0,0,1,0,0,0
A220,0,0,0,0,0,1,0,0,0,0,0,1,0,0,0,0,0,0,1,0
A221,0,0,0,0,1,0,0,0,0,0,0,0,0,0,0,0,1,0,1,0
A222,0,0,0,1,0,0,0,1,0,0,0,0,0,0,0,0,0,0,0,1
A223,0,0,0,0,0,0,1,0,0,0,0,0,0,0,0,0,1,0,0,0
A224,0,0,0,0,0,0,0,0,0,1,0,1,0,1,0,0,0,1,0,0
A225,0,0,0,0,0,0,0,0,0,0,1,0,0,0,0,0,0,0,1,0
A226,0,0,0,0,0,1,0,0,0,0,0,0,0,0,0,1,0,0,0,0
A227,0,0,0,0,0,0,0,1,0,0,0,0,0,0,0,0,0,0,0,0
A228,0,0,0,1,0,0,0,0,0,0,0,1,0,0,0,0,0,0,0,0
A229,1,0,0,0,0,0,0,0,0,0,0,0,0,0,0,0,0,0,0,0
A230,0,0,0,0,0,0,0,0,0,0,0,0,0,0,0,0,0,0,1,0
A231,0,0,0,1,0,1,0,0,0,0,0,0,0,0,0,0,0,0,0,0
A232,0,1,0,0,0,0,0,0,0,1,0,1,0,0,0,0,0,0,1,0
A233,0,0,0,1,0,0,0,1,0,0,1,0,0,0,0,0,0,0,0,1
A234,0,0,1,0,0,0,0,0,0,1,1,0,0,0,0,0,1,0,0,0
A235,0,0,0,0,1,0,0,0,1,0,0,0,0,0,1,0,1,0,0,0
A236,0,1,0,0,0,1,0,0,0,0,0,1,0,0,0,0,0,0,1,0
A237,1,0,0,0,0,0,0,0,0,0,0,0,0,1,0,0,0,0,0,0
A238,0,0,0,0,1,0,0,0,0,0,0,0,0,1,0,0,0,0,0,0
A239,0,0,0,0,0,0,0,1,1,0,0,1,0,0,0,0,0,0,0,0
A240,0,0,0,0,0,0,0,0,1,0,1,0,0,1,1,0,0,0,0,0
A241,0,0,0,0,0,0,0,0,0,1,0,0,0,0,0,1,0,0,0,0
A242,0,1,0,0,0,0,1,0,0,0,0,1,0,0,0,0,0,0,0,0
A243,1,0,0,0,0,0,0,0,0,0,0,0,0,0,1,0,0,0,1,1
A244,0,0,0,0,0,0,0,0,0,0,0,0,0,1,0,0,0,0,0,0
A245,1,0,0,0,0,0,0,1,0,0,0,0,1,0,0,0,0,0,0,0
A246,0,0,1,0,0,0,0,0,0,0,0,1,0,0,0,0,0,0,0,0
A247,0,0,0,0,0,0,1,0,0,0,0,0,0,0,0,0,0,0,0,0
A248,0,1,0,0,0,0,0,0,0,0,0,0,0,0,0,0,0,0,0,0
A249,0,1,0,0,0,0,0,0,0,0,0,0,0,0,0,0,0,0,0,0
A250,1,0,0,0,1,0,0,1,0,0,0,0,0,0,0,0,0,0,0,0
A251,0,0,0,0,0,0,0,0,0,0,0,0,0,1,0,0,0,0,1,0
A252,0,0,0,0,0,0,0,0,1,0,0,0,0,0,0,0,0,0,0,0
A253,0,0,0,0,0,0,1,0,0,0,1,1,0,0,1,0,0,0,0,0
A254,0,0,0,0,0,0,0,0,0,0,0,0,0,0,0,0,0,0,1,0
A255,0,0,0,0,0,0,0,0,0,0,1,0,0,0,0,0,0,0,0,0
A256,0,0,0,1,1,0,0,0,0,1,0,0,0,0,0,0,0,0,0,0
A257,0,0,1,0,0,0,0,0,0,0,1,0,0,0,0,0,0,0,1,0
A258,0,0,0,0,0,1,0,0,0,0,0,0,0,0,0,0,0,0,0,1
A259,0,0,0,1,0,1,0,0,1,0,0,1,0,0,0,0,0,0,0,0
A260,0,0,0,0,0,0,0,0,0,0,1,0,1,0,0,0,0,0,1,0
A261,0,0,0,1,0,0,0,0,0,0,0,0,0,0,0,0,0,0,0,0
A262,0,0,0,1,0,0,1,0,0,0,0,0,0,0,0,0,0,0,0,0
A263,0,0,0,0,0,0,0,0,0,0,1,0,0,0,0,0,0,0,0,0
A264,0,0,0,0,0,0,0,0,0,0,0,0,0,0,0,1,0,0,0,0
A265,1,0,0,0,1,0,0,0,0,0,0,0,0,0,0,0,0,1,0,0
A266,0,0,0,0,0,1,1,0,0,0,0,0,0,0,0,0,0,0,0,0
A267,0,0,0,0,0,0,0,0,0,0,1,0,1,1,0,0,0,0,1,0
A268,0,1,0,0,0,0,1,0,0,1,1,0,0,0,0,0,0,0,0,0
A269,0,0,0,0,0,1,0,0,0,0,0,1,0,1,0,0,0,0,0,0
A270,0,0,0,0,0,0,0,0,0,0,0,0,0,0,1,0,0,1,1,0
A271,0,0,0,1,0,0,0,0,0,0,0,0,0,0,0,0,1,0,0,0
A272,0,1,0,1,0,0,1,0,0,0,0,0,0,0,0,0,1,0,0,0
A273,0,0,0,1,0,0,0,0,1,1,0,0,0,0,0,0,0,1,0,0
A274,0,1,0,0,1,0,0,1,0,0,0,0,0,0,0,0,0,1,0,0
A275,0,0,0,0,0,0,0,0,0,0,0,0,1,0,0,0,0,0,0,0
A276,1,0,0,0,0,0,0,0,0,1,1,0,0,0,0,0,1,0,0,0
A277,0,0,0,1,0,0,0,0,0,0,0,0,0,0,0,0,0,0,0,0
A278,1,0,0,0,0,0,0,0,0,0,0,0,1,0,0,0,0,0,0,0
A279,0,0,0,0,0,0,0,0,0,0,0,0,1,0,0,0,0,0,0,0
A280,0,0,0,0,0,0,0,0,0,0,0,0,0,0,1,1,0,0,0,0
A281,0,0,0,0,1,0,0,1,0,0,1,0,0,0,0,0,0,0,0,1
A282,0,0,0,1,1,0,0,1,0,0,0,0,0,0,0,0,0,1,0,0
A283,1,0,0,0,0,0,0,0,0,0,0,0,0,1,0,0,0,0,0,0
A284,0,0,1,0,0,1,0,0,0,1,0,0,0,0,0,0,0,0,0,0
A285,0,0,0,0,0,0,0,1,0,0,1,0,0,0,0,0,0,0,0,0
A286,1,0,0,0,0,0,0,0,1,1,0,0,0,0,0,0,0,0,0,0
A287,0,0,0,0,0,0,0,0,0,0,0,0,0,0,0,1,0,0,0,0
A288,0,0,0,0,0,0,0,1,0,0,0,0,0,0,0,0,0,0,0,0
A289,0,0,0,0,0,1,0,0,0,0,0,0,0,0,0,0,0,0,0,0
A290,0,0,0,0,0,1,0,1,0,0,0,0,1,1,0,0,0,0,0,0
A291,0,0,0,0,0,0,0,0,0,0,0,0,0,1,0,0,0,0,0,0
A292,0,0,0,0,0,0,1,0,0,0,0,0,0,1,1,0,0,0,0,0
A293,0,0,0,0,0,0,0,0,0,0,0,0,0,0,0,0,1,0,0,0
A294,1,0,1,0,0,0,0,0,0,0,0,0,0,0,0,0,0,0,0,0
A295,0,0,0,0,0,0,1,0,0,0,0,1,0,0,0,0,0,0,0,0
A296,0,1,0,0,0,0,0,0,0,0,0,0,0,0,0,0,1,0,1,1
A297,0,0,0,0,0,1,0,0,1,0,0,0,0,0,0,0,0,0,0,0
A298,0,0,0,0,0,0,0,0,0,0,1,1,0,0,0,0,0,1,0,0
A299,0,0,0,0,0,0,0,0,0,0,0,1,0,0,0,0,0,0,0,0
A300,0,1,0,0,0,0,0,1,0,0,0,0,0,1,0,0,0,1,0,0
A301,0,0,0,0,0,0,0,0,0,0,0,0,0,0,0,1,0,0,0,0
A302,0,0,0,0,0,0,0,0,0,0,0,0,0,1,0,0,0,0,0,0
A303,0,0,0,0,1,0,0,0,0,0,0,0,1,1,0,0,0,0,0,0
A304,0,0,0,0,0,0,1,0,0,0,0,1,0,0,0,0,0,0,0,0
A305,0,0,0,0,1,0,0,1,0,0,0,0,0,0,0,0,0,0,0,0
A306,0,0,0,0,0,0,0,0,0,0,0,1,0,0,0,0,0,0,0,0
A307,0,0,1,0,0,0,0,1,0,0,1,1,0,0,0,0,0,0,0,0
A308,0,0,0,0,0,0,0,0,0,0,0,0,0,0,0,0,1,1,0,0
A309,0,1,0,0,0,0,0,1,1,0,0,1,0,0,0,0,0,0,0,0
A310,0,0,0,1,0,0,0,0,0,1,0,0,0,0,0,0,0,0,0,0
A311,0,1,0,1,0,0,0,0,0,0,0,0,0,0,1,0,1,0,0,0
A312,0,0,0,0,0,0,0,0,1,0,0,0,1,0,1,0,0,0,0,0
A313,1,0,0,0,0,0,0,1,0,0,0,0,1,0,0,0,0,0,1,0
A314,1,0,0,1,0,0,0,1,0,0,0,0,0,0,0,0,0,0,0,0
A315,0,0,0,0,1,0,0,0,0,1,0,0,0,0,0,1,0,0,0,0
A316,0,0,0,1,0,0,0,0,0,0,1,0,0,1,0,0,1,0,0,0
A317,0,0,0,0,0,0,1,0,0,0,0,0,1,0,0,0,0,0,1,0
A318,0,0,0,0,0,1,0,0,0,0,0,0,0,0,0,0,0,0,0,0
A319,1,0,0,1,0,1,0,0,0,0,0,0,0,0,0,0,0,0,0,0
A320,0,0,0,0,0,0,0,0,0,0,0,0,0,0,1,0,1,0,0,0
A321,1,0,0,0,0,0,0,0,1,0,0,0,0,0,0,1,0,1,0,0
A322,0,0,0,0,0,0,0,0,0,0,0,0,0,0,0,0,0,1,0,0
A323,0,0,0,0,0,0,0,0,0,0,1,0,0,1,0,0,1,0,1,0
A324,1,0,0,0,0,0,1,0,0,0,0,0,0,0,0,0,0,0,0,0
A325,0,0,0,0,0,1,0,0,0,0,0,0,0,1,0,0,0,0,0,0
A326,0,0,0,1,0,0,0,0,0,0,0,0,0,1,0,0,0,0,0,0
A327,0,0,0,0,0,0,0,0,0,0,0,0,1,0,0,0,0,1,0,1
A328,0,0,0,0,0,1,0,0,0,0,0,0,0,1,0,0,0,1,0,0
A329,1,0,0,0,0,1,1,0,0,0,0,0,0,0,0,0,0,0,0,1
A330,1,0,1,1,0,0,0,0,0,0,0,0,0,0,1,0,0,0,0,0
A331,1,0,0,0,0,0,0,0,0,0,0,0,0,0,0,0,0,0,0,0
A332,0,0,0,0,0,0,0,0,0,0,0,0,0,0,0,0,0,0,0,1
A333,0,0,0,0,0,1,0,0,1,0,0,0,1,1,0,0,0,0,0,0
A334,1,0,0,0,0,0,1,0,0,0,0,0,0,0,1,0,0,0,0,0
A335,0,1,0,0,0,0,0,0,0,0,0,0,0,1,0,0,0,0,0,0
A336,0,0,1,0,0,0,0,1,0,0,0,0,0,1,0,0,0,1,0,0
A337,0,0,0,0,0,0,0,0,0,0,1,0,0,0,0,0,0,0,0,0
A338,0,0,0,0,0,0,1,0,0,0,1,0,0,0,0,1,0,0,0,0
A339,1,0,0,1,1,0,0,0,0,1,0,0,0,0,0,0,0,0,0,0
A340,0,0,0,0,0,1,0,1,0,0,0,0,1,0,0,0,0,0,1,0
A341,1,0,0,0,0,0,0,0,0,0,0,0,1,1,0,0,0,0,0,0
A342,0,0,0,0,1,1,0,0,1,1,0,0,0,0,0,0,0,0,0,0
A343,0,0,0,0,0,0,0,0,1,0,0,0,0,1,0,0,0,0,0,1
A344,0,0,0,0,0,0,0,0,0,0,0,0,0,1,0,0,0,1,0,0
A345,0,0,0,0,1,0,1,0,0,0,0,0,0,0,0,1,0,0,0,0
A346,0,0,0,0,1,0,0,0,0,0,0,0,0,0,0,1,0,0,0,1
A347,0,0,0,0,0,0,0,1,0,0,1,0,0,0,0,0,0,0,1,0
A348,0,1,1,0,0,1,0,0,0,0,0,0,0,0,0,0,1,0,0,0
A349,0,0,0,0,0,0,0,1,1,0,1,0,0,0,0,0,1,0,0,0
A350,0,1,0,0,0,0,0,1,0,0,0,0,0,0,0,0,1,0,0,0
A351,0,0,0,1,1,0,0,0,1,0,0,0,0,0,0,0,1,0,0,0
A352,0,0,1,0,0,0,0,0,0,0,0,0,0,0,0,0,0,0,0,0
A353,0,0,0,0,0,1,0,0,0,0,0,0,0,0,0,0,0,0,0,0
A354,0,1,1,1,0,0,0,0,0,0,0,0,1,0,0,0,0,0,0,0
A355,1,0,1,0,0,1,0,0,0,0,0,0,0,0,0,0,0,0,1,0
A356,0,0,0,0,0,1,0,0,0,0,1,0,0,0,0,0,0,1,0,0
A357,0,0,0,0,0,0,0,0,0,0,0,0,1,0,0,0,0,0,0,1
A358,0,1,0,0,0,0,0,0,0,0,0,0,0,1,0,0,0,1,0,1
A359,0,0,0,0,0,0,0,0,0,0,0,0,1,0,0,0,0,0,0,0
A360,0,0,1,0,1,0,0,0,1,0,0,0,0,0,0,0,0,0,0,0
A361,1,0,0,0,1,1,0,0,0,0,0,0,0,0,0,0,0,0,0,1
A362,0,0,0,0,0,0,0,0,0,1,0,0,0,0,0,0,0,0,0,0
A363,0,0,0,0,0,0,0,1,0,0,0,0,0,0,0,0,0,0,0,0
A364,0,0,0,1,0,0,0,0,0,0,0,0,0,1,0,0,0,0,0,0
A365,0,0,0,0,0,0,0,1,1,0,0,0,0,0,0,1,0,0,0,0
A366,1,0,0,0,0,0,1,0,0,0,0,0,0,0,1,0,0,0,0,0
A367,1,0,0,0,0,0,0,0,1,0,0,0,0,0,0,0,0,0,0,0
A368,0,0,0,1,1,0,0,0,0,0,0,0,0,0,0,0,0,0,0,0
A369,0,0,0,0,1,0,0,1,0,0,0,0,0,0,0,0,0,0,0,1
A370,0,0,0,0,0,0,0,0,1,0,1,0,0,1,0,0,0,0,0,0
A371,0,0,0,0,1,1,0,0,0,0,0,0,1,0,0,1,0,0,0,0
A372,0,0,0,1,0,0,0,0,0,0,0,0,1,0,0,0,0,1,1,0
A373,0,0,0,0,0,0,0,0,1,1,0,0,0,0,0,0,0,0,0,0
A374,1,0,0,0,0,1,0,0,0,0,0,1,0,0,1,0,0,0,0,0
A375,0,1,0,0,0,0,0,0,0,0,0,0,0,0,0,0,0,0,0,0
A376,0,1,0,0,0,0,1,1,0,0,0,0,0,0,1,0,0,0,0,0
A377,0,1,1,0,0,0,0,0,0,0,0,1,0,0,0,0,1,0,0,0
A378,0,0,0,0,0,0,0,0,0,0,0,0,0,0,0,1,0,0,0,0
A379,0,0,0,0,0,0,0,1,0,0,0,0,0,0,0,1,0,0,0,0
A380,0,0,0,0,0,0,0,0,0,0,0,0,1,0,0,0,0,0,0,0
A381,0,0,0,0,1,1,0,0,1,0,0,1,0,0,0,0,0,0,0,0
A382,0,0,0,0,1,0,0,0,1,0,0,0,0,0,0,0,0,0,0,0
A383,0,0,0,0,0,1,0,0,0,1,0,0,0,1,0,0,0,0,1,0
A384,0,0,0,0,0,0,0,0,0,0,0,0,0,0,0,0,0,0,0,1
A385,0,0,0,0,0,0,0,0,0,0,0,0,0,0,0,0,0,1,0,0
A386,0,0,0,0,0,0,0,1,0,0,0,0,1,0,0,0,0,1,0,1
A387,0,1,0,1,0,0,0,0,0,0,0,0,0,0,0,0,1,0,0,0
A388,0,0,0,1,0,0,0,0,0,0,1,0,0,0,0,0,0,0,1,0
A389,0,0,0,0,0,0,0,1,0,0,0,0,0,0,0,0,0,0,0,0
A390,0,0,0,0,0,0,0,0,0,1,0,0,0,0,0,0,0,0,0,0
A391,0,1,0,0,0,0,0,0,0,1,0,0,1,0,0,0,0,0,0,0
A392,0,0,0,1,0,0,0,1,0,0,0,0,0,1,0,0,0,0,0,0
A393,1,0,0,0,0,0,0,0,0,0,0,1,1,0,0,0,0,0,1,0
A394,0,0,1,0,1,0,0,0,0,0,0,0,0,0,0,0,0,0,1,1
A395,0,0,0,0,1,0,0,1,0,0,0,0,0,1,0,0,0,0,0,0
A396,1,0,0,1,0,0,0,0,1,0,1,0,0,0,0,0,0,0,0,0
A397,0,0,0,0,0,0,0,0,1,0,1,0,0,1,0,0,0,0,0,1
A398,0,1,0,0,0,0,1,0,0,0,0,0,0,0,0,0,0,0,0,0
A399,0,0,0,0,0,0,1,0,0,0,0,1,0,0,0,0,1,0,1,0
A400,0,0,0,0,0,0,0,0,0,0,0,0,0,0,0,0,1,0,0,0
A401,0,0,0,0,0,1,0,0,0,0,0,1,0,0,1,0,0,0,1,0
A402,0,0,1,0,0,0,0,1,0,1,0,0,0,0,1,0,0,0,0,0
A403,0,0,0,0,0,0,1,0,0,0,0,0,1,0,1,0,0,0,0,0
A404,0,0,0,0,0,0,0,0,0,0,0,0,0,1,0,0,0,0,0,0
A405,1,0,0,0,0,1,0,0,0,0,0,0,0,1,1,0,0,0,0,0
A406,1,0,0,0,0,0,0,1,0,0,0,1,0,0,0,0,0,0,0,1
A407,0,0,0,0,0,0,0,0,0,0,0,1,0,0,0,0,1,0,0,0
A408,1,0,0,0,0,0,1,0,0,0,0,0,0,0,0,1,0,0,1,0
A409,0,1,0,1,0,0,1,0,1,0,0,0,0,0,0,0,0,0,0,0
A410,0,0,0,1,0,0,0,0,0,0,0,0,0,0,0,0,0,1,0,0
A411,1,0,1,0,0,0,0,0,0,0,0,1,0,0,0,0,0,0,0,0
A412,0,0,0,1,0,0,0,0,0,0,0,0,0,1,1,0,0,1,0,0
A413,0,0,0,0,0,0,0,0,0,0,0,0,0,1,0,1,0,0,0,0
A414,0,0,0,0,0,0,0,0,0,0,0,0,1,0,0,0,0,0,0,0
A415,0,0,0,0,1,0,0,0,0,0,0,0,0,0,0,0,0,1,1,0
A416,0,0,0,0,0,0,1,0,0,0,0,0,0,0,0,0,0,0,0,0
A417,0,0,0,0,0,0,0,1,0,0,0,0,0,0,0,0,0,0,0,0
A418,0,0,0,0,0,0,0,0,0,1,1,0,0,0,0,0,0,0,0,0
A419,1,0,1,0,0,0,1,0,0,0,0,0,0,0,0,0,0,0,1,0
A420,0,0,0,0,0,0,0,0,0,1,0,0,1,0,0,0,0,0,0,0
A421,0,0,0,0,0,1,0,0,0,1,0,0,0,0,0,0,0,0,0,0
A422,0,0,1,0,0,0,0,0,0,0,0,0,0,0,0,0,0,1,0,0
A423,0,0,0,0,1,0,0,0,0,0,0,0,1,0,0,0,0,0,0,0
A424,0,0,1,0,0,0,0,0,1,0,0,0,0,0,0,0,1,0,0,0
A425,0,0,0,0,0,1,1,1,0,0,1,0,0,0,0,0,0,0,0,0
A426,0,0,0,0,0,0,0,0,0,0,0,0,0,0,0,0,0,1,0,0
A427,0,0,0,0,0,0,0,0,0,0,0,1,0,0,0,0,0,0,0,0
A428,0,0,0,0,0,0,0,0,1,0,0,0,1,0,1,1,0,0,0,0
A429,0,0,0,0,0,0,0,0,0,0,0,0,1,0,0,0,0,0,0,0
A430,0,0,1,1,0,1,0,0,0,0,0,0,0,0,0,0,0,1,0,0
A431,0,0,0,0,0,0,0,0,0,0,0,0,0,1,0,0,0,0,0,0
A432,0,0,0,0,1,0,0,0,0,0,0,0,1,0,0,0,0,0,0,0
A433,0,0,0,0,0,0,0,0,0,0,0,0,0,0,0,0,1,0,0,0
A434,0,0,0,1,1,0,0,0,0,0,0,1,0,1,0,0,0,0,0,0
A435,0,0,0,0,0,0,1,1,0,1,0,0,0,0,0,0,1,0,0,0
A436,0,0,0,1,1,1,0,0,0,0,0,0,0,0,0,0,0,1,0,0
A437,0,0,0,1,0,0,0,0,0,0,0,1,1,0,1,0,0,0,0,0
A438,0,0,0,0,0,0,0,0,1,0,0,0,0,0,0,1,1,0,1,0
A439,0,0,0,1,0,0,0,0,0,1,0,1,0,0,0,0,0,0,0,0
A440,0,0,0,0,0,0,0,0,0,0,0,1,0,1,0,0,1,0,0,0
A441,0,0,0,0,0,0,0,0,0,0,1,0,0,0,0,0,0,0,0,0
A442,1,0,1,0,0,1,0,0,0,0,0,0,0,0,1,0,0,0,0,0
A443,0,0,0,0,0,0,0,0,0,0,0,1,0,0,0,0,0,0,0,0
A444,0,1,0,0,0,0,0,0,0,1,0,1,1,0,0,0,0,0,0,0
A445,0,0,0,0,0,0,0,0,0,0,1,0,0,0,1,0,1,1,0,0
A446,0,0,0,0,0,0,0,0,1,0,0,0,1,0,0,0,0,1,0,0
A447,0,0,0,0,0,0,0,0,0,1,0,0,0,0,1,1,0,0,0,0
A448,0,0,1,0,0,0,0,0,0,0,0,0,1,0,0,0,0,0,0,0
A449,0,1,0,0,0,1,0,0,0,0,0,0,0,0,0,0,0,0,1,0
A450,1,0,0,0,1,0,0,0,0,0,0,0,0,0,0,0,0,0,0,0
A451,0,1,0,0,0,0,0,0,0,0,0,0,0,0,0,0,0,0,0,1
A452,0,0,0,0,0,0,0,0,0,0,0,0,0,0,0,0,0,0,1,1
A453,0,0,0,0,0,0,0,0,1,0,0,0,0,1,0,0,0,0,0,0
A454,0,0,0,0,0,0,0,0,0,0,0,0,0,0,1,0,0,0,1,0
A455,0,0,0,1,0,0,0,0,0,0,0,0,0,0,0,0,0,0,0,0
A456,0,0,1,0,0,0,0,0,1,0,0,0,0,0,0,1,0,0,0,0
A457,0,0,0,0,0,0,0,0,1,0,0,0,1,0,0,0,0,0,0,0
A458,0,0,0,1,1,1,0,0,0,0,0,0,0,0,0,0,1,0,0,0
A459,1,1,0,0,0,0,0,0,0,0,0,0,1,0,0,0,0,0,0,0
A460,0,0,0,0,0,0,1,0,0,0,0,0,0,0,0,0,0,0,1,1
A461,0,0,0,1,0,0,0,0,0,0,0,0,0,0,0,0,0,1,0,0
A462,0,0,0,0,0,1,0,0,0,0,0,0,0,0,0,0,0,0,0,0
A463,0,0,0,0,0,0,0,0,1,0,0,0,1,0,0,0,0,0,0,0
A464,0,0,0,0,0,0,0,0,0,0,0,0,0,0,0,1,0,0,0,0
A465,0,1,0,1,1,1,0,0,0,0,0,0,0,0,0,0,0,0,0,0
A466,0,1,0,0,0,0,0,0,0,0,1,0,0,0,0,1,0,0,0,0
A467,0,0,1,1,0,0,0,0,0,0,0,0,1,0,1,0,0,0,0,0
A468,0,0,0,0,0,1,0,0,0,0,0,0,0,0,0,0,0,0,0,0
A469,0,0,0,1,0,0,0,0,0,0,0,0,0,0,0,0,0,0,0,0
A470,0,0,1,0,0,1,0,0,1,0,0,1,0,0,0,0,0,0,0,0
A471,0,0,0,0,0,0,1,0,0,0,0,0,0,0,0,0,0,0,0,0
A472,0,0,0,0,1,0,0,1,0,0,0,0,1,1,0,0,0,0,0,0
A473,0,0,0,0,0,0,0,0,0,0,0,0,0,0,1,0,1,1,0,0
A474,0,0,1,0,0,0,0,0,0,1,0,0,1,0,0,1,0,0,0,0
A475,0,0,0,0,0,0,0,0,0,0,1,0,0,0,0,0,1,0,1,0
A476,0,0,1,0,0,0,1,0,0,0,0,1,1,0,0,0,0,0,0,0
A477,0,0,0,0,0,0,0,0,0,0,0,0,0,0,0,0,1,0,0,0
A478,0,1,0,0,1,0,0,0,0,0,0,1,0,0,0,1,0,0,0,0
A479,0,0,0,0,0,0,0,0,0,0,0,0,0,0,0,0,0,1,0,0
A480,0,0,0,1,0,0,0,0,1,0,1,0,0,0,1,0,0,0,0,0
A481,0,0,0,0,0,0,0,0,0,1,0,1,0,1,1,0,0,0,0,0
A482,0,0,0,0,0,0,1,0,0,0,0,0,0,0,0,0,1,0,0,0
A483,0,0,1,0,0,0,0,0,0,0,0,0,0,0,0,0,0,0,0,0
A484,0,0,0,0,0,0,0,0,0,0,1,0,1,0,0,0,0,0,0,0
A485,0,0,0,0,0,0,0,0,0,0,0,0,0,0,1,0,0,0,0,0
A486,0,0,0,0,0,0,0,0,0,1,0,0,0,0,1,0,0,0,0,0
A487,0,0,0,0,0,0,0,0,0,1,0,0,0,0,1,0,0,0,0,1
A488,0,0,0,0,1,0,0,0,1,0,1,0,0,0,0,0,1,0,0,0
A489,0,0,0,0,0,0,0,0,0,0,1,0,0,0,0,0,0,0,0,0
A490,0,0,0,0,0,0,0,0,0,0,0,0,0,0,0,0,1,0,0,0
A491,0,0,0,0,0,0,0,0,0,0,0,1,1,0,0,0,1,0,0,1
A492,0,0,0,0,0,0,0,0,1,0,0,0,0,0,0,0,0,0,0,0
A493,1,0,0,0,0,0,0,0,0,0,0,0,0,0,0,0,0,0,0,0
A494,0,0,1,0,0,0,0,0,0,0,1,0,0,0,0,0,0,0,0,0
A495,0,0,0,0,0,0,0,0,0,0,0,1,0,0,0,0,0,0,0,0
A496,0,0,0,0,0,0,0,0,0,0,0,0,1,1,0,0,0,1,0,0
A497,0,0,0,1,0,0,0,1,0,0,1,0,0,0,0,0,0,0,0,0
A498,0,1,0,0,0,0,0,0,0,0,0,0,0,1,0,0,1,0,1,0
A499,0,0,0,0,0,0,0,0,0,0,0,0,0,0,0,0,0,1,0,0
A500,0,0,1,1,0,0,0,0,1,0,0,0,0,0,0,0,1,0,0,0
